1094|145|O|9006.25|1997-12-24|3-MEDIUM|Clerk#000000570|0|beans affix furiously about the pending, even deposits. finally pendi
130|37|F|115717.37|1992-05-08|2-HIGH|Clerk#000000036|0|le slyly unusual, regular packages? express deposits det
1478|50|O|20791.50|1997-08-03|2-HIGH|Clerk#000000827|0|lessly. carefully express
1479|16|O|31471.04|1995-12-16|4-NOT SPECIFIED|Clerk#000000697|0|he furiously even foxes. thinly bold deposits
1730|124|O|150886.49|1998-07-24|5-LOW|Clerk#000000794|0| fluffily pending deposits serve. furiously even requests wake furiou
1763|121|O|140685.01|1996-10-29|2-HIGH|Clerk#000000321|0|es. bold dependencies haggle furiously along 
1927|140|O|23327.88|1995-09-30|3-MEDIUM|Clerk#000000616|0|riously special packages. permanent pearls wake furiously. even packages alo
2150|82|F|166961.06|1994-06-03|3-MEDIUM|Clerk#000000154|0|ect slyly against the even, final packages. quickly regular pinto beans wake c
2213|122|F|146136.10|1993-01-15|4-NOT SPECIFIED|Clerk#000000598|0|osits are carefully reg
2276|43|O|141159.63|1996-04-29|4-NOT SPECIFIED|Clerk#000000821|0|ecial requests. fox
2336|142|O|22294.51|1996-01-07|4-NOT SPECIFIED|Clerk#000000902|0|c, final excuses sleep furiously among the even theodolites. f
2368|13|F|101240.96|1993-08-20|1-URGENT|Clerk#000000830|0|t the bold instructions. carefully unusual 
2470|58|O|104966.33|1997-04-19|3-MEDIUM|Clerk#000000452|0|to the furiously final packages? pa
2599|149|O|62807.13|1996-11-07|2-HIGH|Clerk#000000722|0|ts. slyly regular theodolites wake sil
2626|139|O|84314.51|1995-09-08|4-NOT SPECIFIED|Clerk#000000289|0|gside of the carefully special packages are furiously after the slyly express 
2662|37|O|87689.88|1996-08-21|3-MEDIUM|Clerk#000000589|0|bold pinto beans above the slyly final accounts affix furiously deposits. pac
2720|31|F|161307.05|1993-06-08|1-URGENT|Clerk#000000948|0|quickly. special asymptotes are fluffily ironi
2759|116|F|89731.10|1993-11-25|4-NOT SPECIFIED|Clerk#000000071|0|ts. regular, pending pinto beans sleep ab
2790|25|F|177458.97|1994-08-19|2-HIGH|Clerk#000000679|0| the carefully express deposits sleep slyly 
2880|8|F|145761.99|1992-03-15|2-HIGH|Clerk#000000756|0|ves maintain doggedly spec
2884|92|O|71683.84|1997-10-12|3-MEDIUM|Clerk#000000780|0|efully express instructions sleep against
2919|53|F|137223.14|1993-12-10|2-HIGH|Clerk#000000209|0|es. pearls wake quietly slyly ironic instructions--
2978|44|P|139542.14|1995-05-03|1-URGENT|Clerk#000000135|0|d. even platelets are. ironic dependencies cajole slow, e
3008|40|O|156018.74|1995-11-08|3-MEDIUM|Clerk#000000701|0|ze quickly. blithely regular packages above the slyly bold foxes shall
3009|55|O|108424.94|1997-02-28|1-URGENT|Clerk#000000205|0|r ideas. carefully pe
3045|50|O|85822.67|1995-09-27|1-URGENT|Clerk#000000405|0| express courts sleep quickly special asymptotes. 
3106|145|O|132494.97|1997-01-12|3-MEDIUM|Clerk#000000729|0|its use slyly final theodolites; regular dolphins hang above t
3392|74|O|96057.42|1995-10-28|1-URGENT|Clerk#000000325|0|es thrash blithely depths. bold multipliers wake f
3462|133|O|63590.17|1997-05-17|3-MEDIUM|Clerk#000000657|0|uriously express asympto
3494|49|F|136058.70|1993-04-04|5-LOW|Clerk#000000559|0|r instructions haggle. accounts cajole. carefully final requests at the 
3520|125|O|151233.65|1997-08-04|1-URGENT|Clerk#000000023|0|hely. ideas nag; even, even fo
3556|16|F|114681.55|1992-09-23|4-NOT SPECIFIED|Clerk#000000140|0|e. dependencies need to haggle alongs
3557|121|F|85477.89|1992-11-09|2-HIGH|Clerk#000000291|0|ithely courts. furi
3655|49|F|74882.22|1992-10-06|1-URGENT|Clerk#000000815|0|er the carefully unusual deposits sleep quickly according to
3684|23|F|89509.91|1993-07-20|2-HIGH|Clerk#000000835|0|bold accounts affix along the carefully ironic requ
3715|65|O|64000.93|1996-03-18|1-URGENT|Clerk#000000463|0| always silent requests wake pinto beans. slyly pending foxes are aga
3744|65|F|33085.68|1992-01-10|3-MEDIUM|Clerk#000000765|0|osits sublate about the regular requests. fluffily unusual accou
3745|112|F|19405.73|1993-09-29|5-LOW|Clerk#000000181|0|ckages poach slyly against the foxes. slyly ironic instructi
3748|53|O|83804.38|1998-02-28|1-URGENT|Clerk#000000156|0|slyly special packages
3749|38|P|87073.89|1995-02-24|3-MEDIUM|Clerk#000000639|0|y regular instructions haggle blithel
3783|44|F|155017.92|1993-12-06|4-NOT SPECIFIED|Clerk#000000614|0| along the pinto beans. special packages use. regular theo
3808|79|F|228054.01|1994-04-24|1-URGENT|Clerk#000000717|0|odolites. blithely ironic cour
3840|100|O|187156.38|1998-07-17|4-NOT SPECIFIED|Clerk#000000713|0|yly slow theodolites. enticingly 
3872|134|O|198538.68|1996-09-06|5-LOW|Clerk#000000943|0|counts boost slyly against the ironic platelets-- blithely p
3907|67|F|240457.56|1992-08-19|3-MEDIUM|Clerk#000000084|0|gular pinto beans sleep f
3908|43|F|57127.71|1993-03-09|3-MEDIUM|Clerk#000000490|0|ounts cajole. regularly
3911|10|P|35019.95|1995-03-17|4-NOT SPECIFIED|Clerk#000000818|0|he fluffily final forges haggle slyly according to the blithely
3939|70|O|8720.45|1996-01-11|5-LOW|Clerk#000000647|0|ly ruthlessly silent requests. blithely regular requests haggle blithely wh
3943|40|O|60314.97|1996-10-09|5-LOW|Clerk#000000482|0|se alongside of the final pinto beans. regular packages boost across the ca
3968|25|O|121704.45|1997-02-17|4-NOT SPECIFIED|Clerk#000000431|0| the slyly special accounts; 
3969|52|O|169797.40|1997-05-14|2-HIGH|Clerk#000000731|0|uriously final dependencies slee
3972|124|F|1861.19|1994-04-21|3-MEDIUM|Clerk#000000049|0|y regular requests haggle quickly. pending, express acco
3975|118|O|37804.43|1995-04-11|3-MEDIUM|Clerk#000000016|0|ts. regular, regular Tiresias play furiously. ironi
4000|70|F|84053.93|1992-01-04|5-LOW|Clerk#000000339|0|le carefully closely even pinto beans. regular, ironic foxes against the
4004|70|F|220715.14|1993-05-07|3-MEDIUM|Clerk#000000273|0|accounts among the blithely regular sentiments 
4032|10|O|62497.51|1998-02-26|3-MEDIUM|Clerk#000000686|0|iresias sleep slyly regular ideas. quickly unusual
4133|101|F|31693.88|1992-08-07|4-NOT SPECIFIED|Clerk#000000268|0|al, express foxes. quickly pending deposits might cajole alongsi
4166|43|F|100671.06|1993-02-28|5-LOW|Clerk#000000757|0|quickly sly forges impress. careful foxes across the blithely even a
4192|146|O|197192.95|1998-04-19|1-URGENT|Clerk#000000369|0|equests above the slyly regular pinto beans unwi
4193|4|F|143191.54|1994-01-09|2-HIGH|Clerk#000000201|0|ng accounts haggle quickly. packages use fluffily ironic excu
4195|104|F|54478.95|1993-05-29|4-NOT SPECIFIED|Clerk#000000777|0| pinto beans cajole furiously theodolites-- slyly regular deposits doub
4224|70|O|150655.44|1997-07-14|1-URGENT|Clerk#000000034|0|jole quickly final dolphins. slyly pending foxes wake furiously bold pl
4261|118|F|83665.20|1992-10-03|1-URGENT|Clerk#000000662|0| about the even, pending packages. slyly bold deposits boost
4262|88|O|176278.57|1996-08-04|3-MEDIUM|Clerk#000000239|0| of the furious accounts. furiously regular accounts w
4263|4|O|158885.83|1998-03-16|1-URGENT|Clerk#000000265|0|sly ruthless deposits. final packages are instructions. fu
4293|103|O|198322.91|1996-08-20|2-HIGH|Clerk#000000750|0|ly packages. regular packages nag according to t
4390|7|P|140608.69|1995-05-23|1-URGENT|Clerk#000000691|0|inal pinto beans. exp
4421|10|O|258779.02|1997-04-04|3-MEDIUM|Clerk#000000246|0|t the pending warhorses. express waters a
4422|70|P|107140.22|1995-05-22|3-MEDIUM|Clerk#000000938|0|ly bold accounts sleep special, regular foxes. doggedly regular in
4448|70|O|127191.47|1998-05-21|2-HIGH|Clerk#000000428|0|. deposits haggle around the silent packages; slyly unusual packages
4453|65|O|137030.40|1997-04-01|3-MEDIUM|Clerk#000000603|0|ages could have to nag slyly furiously even asymptotes! slowly regular 
4454|142|F|159578.94|1994-02-02|5-LOW|Clerk#000000411|0|uriously regular pint
4455|19|F|102534.63|1993-10-11|3-MEDIUM|Clerk#000000924|0|even requests. bravely regular foxes according to the carefully unusual 
4481|148|O|77705.40|1996-03-30|5-LOW|Clerk#000000443|0|press sheaves cajole furio
4483|52|F|126597.21|1992-03-07|3-MEDIUM|Clerk#000000615|0|its. blithely idle accounts run; theodolites wake carefully around the fi
4485|53|F|182432.17|1994-11-13|3-MEDIUM|Clerk#000000038|0|es wake slyly even packages. blithely brave requests nag above the regul
4515|140|F|161745.44|1992-03-17|1-URGENT|Clerk#000000191|0|quests among the accounts sleep boldly about the regular f
4516|130|F|35949.14|1994-03-29|3-MEDIUM|Clerk#000000739|0|ing packages sleep slyly regular attainments
4517|113|O|47614.08|1998-03-07|4-NOT SPECIFIED|Clerk#000000231|0|uriously final deposits doze furiously furiously reg
4545|59|F|143276.28|1993-01-17|4-NOT SPECIFIED|Clerk#000000303|0|ep. requests use sly
4546|43|O|39906.87|1995-07-29|5-LOW|Clerk#000000373|0|ns sleep. regular, regular instructions maintai
4549|64|O|43889.17|1998-03-05|4-NOT SPECIFIED|Clerk#000000965|0|ully even deposits dazzle. fluffily pending ideas against the requests
4576|139|O|56936.10|1996-08-14|5-LOW|Clerk#000000798|0|e pending deposits. 
4577|79|O|104259.88|1998-05-02|5-LOW|Clerk#000000409|0|ly. unusual platelets are alw
4580|82|F|118464.65|1993-11-15|4-NOT SPECIFIED|Clerk#000000086|0|rs wake blithely regular requests. fluffily ev
4583|22|F|206495.43|1994-09-25|3-MEDIUM|Clerk#000000240|0|equests. slyly even platelets was qui
4610|26|F|135934.60|1993-06-18|5-LOW|Clerk#000000616|0|e carefully express pinto
4612|61|F|82598.87|1993-09-20|3-MEDIUM|Clerk#000000397|0|bove the deposits. even deposits dazzle. slyly express packages haggle sl
4640|97|O|81138.17|1996-01-01|5-LOW|Clerk#000000902|0|requests. deposits do detect above the blithely iron
4644|94|O|85901.70|1998-01-17|5-LOW|Clerk#000000961|0|requests. fluffily even ideas bo
4645|44|F|231012.22|1994-09-20|1-URGENT|Clerk#000000764|0|fully even instructions. final gifts sublate quickly final requests. bl
4646|83|O|124637.19|1996-06-18|1-URGENT|Clerk#000000036|0|n place of the blithely qu
4673|82|O|58094.75|1996-08-13|4-NOT SPECIFIED|Clerk#000000914|0|c deposits are slyly. bravely ironic deposits cajole carefully after the 
4677|40|O|25661.87|1998-02-21|3-MEDIUM|Clerk#000000245|0|ly pending deposits after the carefully regular foxes sleep blithely after t
4678|88|O|131752.07|1998-08-02|4-NOT SPECIFIED|Clerk#000000175|0|side of the bold platelets detect slyly blithely ironic e
4706|25|F|101709.52|1992-12-29|4-NOT SPECIFIED|Clerk#000000722|0| packages above the never regular packages nag packages. deposits c
4711|142|O|129546.56|1998-05-06|1-URGENT|Clerk#000000818|0|mptotes. unusual packages wake furiously qui
4736|139|O|67572.73|1995-11-20|2-HIGH|Clerk#000000563|0|blithely regular courts affix into the carefully ironic deposits. slyly exp
4738|5|F|149466.62|1992-04-08|2-HIGH|Clerk#000000150|0|deposits. thin acco
4768|136|F|4820.55|1993-11-22|2-HIGH|Clerk#000000875|0|ctions snooze idly beneath the quick waters. fluffily u
4769|121|P|136765.03|1995-04-14|4-NOT SPECIFIED|Clerk#000000116|0|pon the asymptotes. idle, final account
4772|28|F|64102.93|1994-09-14|1-URGENT|Clerk#000000708|0|es sleep. regular requests haggle furiously slyly 
4775|128|O|112444.42|1995-08-13|4-NOT SPECIFIED|Clerk#000000609|0|s integrate slyly slyly final instructions. carefully bold pack
4800|37|F|91795.13|1992-01-06|5-LOW|Clerk#000000625|0|ggle furiously along the pending pinto beans. deposits use: final foxe
4801|88|O|108353.08|1996-01-25|1-URGENT|Clerk#000000553|0|r the final sentiments. pending theodolites sleep doggedly across t
4803|124|O|158776.68|1996-02-08|5-LOW|Clerk#000000892|0|lly unusual courts are ironic
4805|16|F|172102.96|1992-04-25|4-NOT SPECIFIED|Clerk#000000514|0|even accounts wake furiously slyly final accounts; blithel
4807|53|O|138902.23|1997-01-09|3-MEDIUM|Clerk#000000310|0|kly. slyly special accounts
4832|34|O|84954.79|1997-12-04|3-MEDIUM|Clerk#000000548|0|final accounts sleep among the blithe
4835|146|F|70857.51|1994-10-25|1-URGENT|Clerk#000000250|0|s integrate furiously blithely expr
4836|65|O|78711.40|1996-12-18|1-URGENT|Clerk#000000691|0|c packages cajole carefully through the accounts. careful
4867|10|F|9741.03|1992-05-21|1-URGENT|Clerk#000000891|0|ss the slyly regular dependencies. fluffily regular deposits within the car
4870|103|F|94534.07|1994-08-06|3-MEDIUM|Clerk#000000911|0|nto beans about the blithely regular d
4871|46|O|129636.99|1995-06-12|1-URGENT|Clerk#000000531|0|ven, special instructions across t
4898|14|F|40572.64|1994-07-11|4-NOT SPECIFIED|Clerk#000000841|0|final patterns. special theodolites haggle ruthlessly at the blithely spec
4899|61|F|12291.83|1993-10-18|4-NOT SPECIFIED|Clerk#000000348|0| instructions. furiously even packages are furiously speci
4900|137|F|221320.76|1992-06-30|4-NOT SPECIFIED|Clerk#000000878|0|sleep quickly unusual 
4901|79|O|146298.28|1997-12-31|4-NOT SPECIFIED|Clerk#000000980|0|inal dependencies cajole furiously. carefully express accounts na
4928|4|F|59931.42|1993-10-04|4-NOT SPECIFIED|Clerk#000000952|0|slyly brave instructions after the ironic excuses haggle ruthlessly about
4929|149|O|135187.33|1996-02-29|3-MEDIUM|Clerk#000000109|0|uests. furiously special ideas poach. pending 
4932|122|F|42927.07|1993-08-10|1-URGENT|Clerk#000000830|0|onic foxes. enticingly reg
4934|40|O|180478.16|1997-02-17|1-URGENT|Clerk#000000372|0|nes cajole; carefully special accounts haggle. special pinto beans nag 
4935|40|F|162088.30|1993-05-25|4-NOT SPECIFIED|Clerk#000000601|0|c foxes. fluffily pendin
4963|34|O|54175.35|1996-11-07|3-MEDIUM|Clerk#000000754|0|ully unusual epitaphs nod s
4965|52|F|110626.82|1993-10-21|5-LOW|Clerk#000000638|0|dependencies poach packages. sometim
4966|70|O|59186.02|1996-09-07|2-HIGH|Clerk#000000243|0|accounts. blithely ironic courts wake boldly furiously express 
4967|98|O|103814.27|1997-02-17|3-MEDIUM|Clerk#000000397|0|e theodolites; furiously b
4992|62|F|203904.80|1992-05-10|1-URGENT|Clerk#000000166|0|telets nag carefully am
4994|43|O|216071.76|1996-06-29|4-NOT SPECIFIED|Clerk#000000868|0|oxes wake above the asymptotes. bold requests sleep br
5031|139|F|91438.59|1994-12-02|3-MEDIUM|Clerk#000000788|0|lar instructions haggle blithely pending foxes? sometimes final excuses h
5056|52|O|62258.18|1997-02-15|5-LOW|Clerk#000000828|0|lithely above the express ideas. blithely final deposits are fluffily spec
5062|61|F|109247.00|1992-10-08|3-MEDIUM|Clerk#000000012|0|ithely. blithely bold theodolites affix. blithely final deposits haggle ac
5088|130|F|101616.44|1993-01-06|5-LOW|Clerk#000000930|0|ole slyly since the quickly ironic br
5089|130|F|109246.54|1992-07-29|1-URGENT|Clerk#000000677|0|cial platelets. quiet, final ideas cajole carefully. unusu
5090|89|O|132838.49|1997-03-09|1-URGENT|Clerk#000000953|0|ress accounts affix silently carefully quick accounts. carefully f
5091|148|O|47852.06|1998-05-21|3-MEDIUM|Clerk#000000311|0|egular decoys mold carefully fluffily unus
5092|22|O|195834.96|1995-10-30|5-LOW|Clerk#000000194|0|are blithely along the pin
5094|106|F|74892.08|1993-03-29|4-NOT SPECIFIED|Clerk#000000406|0|uickly pending deposits haggle quickly ide
5120|16|O|28007.73|1996-06-05|1-URGENT|Clerk#000000332|0|against the slyly express requests. furiousl
5123|10|O|11850.45|1998-02-10|1-URGENT|Clerk#000000776|0|ic requests. furiously ironic packages grow above the express, ironic inst
5152|44|O|60568.34|1997-01-04|3-MEDIUM|Clerk#000000963|0| for the blithely reg
5155|77|F|70183.29|1994-06-12|2-HIGH|Clerk#000000108|0|y pending deposits are ag
5157|142|O|167056.34|1997-07-06|4-NOT SPECIFIED|Clerk#000000689|0|closely above the unusual deposits. furiously
5159|106|O|147543.26|1996-09-25|1-URGENT|Clerk#000000303|0|tegrate slyly around the slyly sly sauternes. final pa
5184|85|O|209155.48|1998-07-20|5-LOW|Clerk#000000250|0|nding accounts detect final, even
5185|148|O|206179.68|1997-07-25|3-MEDIUM|Clerk#000000195|0| regular ideas about the even ex
5188|140|P|66268.86|1995-03-02|4-NOT SPECIFIED|Clerk#000000029|0|counts. finally ironic requests ab
5189|71|F|184172.31|1993-11-26|5-LOW|Clerk#000000940|0|e after the pending accounts. asymptotes boost. re
5190|58|F|89684.31|1992-04-26|5-LOW|Clerk#000000888|0|equests. slyly unusual
5191|77|F|119910.04|1994-12-11|4-NOT SPECIFIED|Clerk#000000318|0|ing, regular deposits alongside of the deposits boost fluffily quickly ev
5216|59|O|16763.95|1997-08-14|3-MEDIUM|Clerk#000000418|0|des boost across the platelets. slyly busy theodolit
5221|13|O|71968.10|1995-06-09|4-NOT SPECIFIED|Clerk#000000324|0|lar accounts above the sl
5223|149|F|105561.21|1994-06-30|1-URGENT|Clerk#000000745|0|e. theodolites serve blithely unusual, final foxes. carefully pending packag
5250|97|O|29673.73|1995-07-16|2-HIGH|Clerk#000000307|0|. carefully final instructions sleep among the finally regular dependen
5251|34|O|34004.48|1995-04-12|3-MEDIUM|Clerk#000000687|0| ironic dugouts detect. reque
5252|91|O|173145.37|1996-02-17|1-URGENT|Clerk#000000724|0| ironic accounts among the silent asym
5254|112|F|196989.09|1992-07-26|4-NOT SPECIFIED|Clerk#000000527|0|he express, even ideas cajole blithely special requests
5280|34|O|68052.70|1997-12-03|3-MEDIUM|Clerk#000000604|0|riously ironic instructions. ironic ideas according to the accounts boost fur
5281|124|O|179418.31|1995-11-02|2-HIGH|Clerk#000000158|0|ackages haggle slyly a
5283|131|F|18594.66|1994-06-04|3-MEDIUM|Clerk#000000579|0|ests. even, final ideas alongside of t
5286|116|O|79646.89|1997-09-26|5-LOW|Clerk#000000606|0|structions are furiously quickly ironic asymptotes. quickly iro
5287|25|F|30045.95|1993-12-22|5-LOW|Clerk#000000406|0|regular packages. bold instructions sleep always. carefully final p
5315|139|F|55554.97|1992-10-29|4-NOT SPECIFIED|Clerk#000000035|0| furiously. quickly unusual packages use. sly
5317|37|F|228002.51|1994-09-09|5-LOW|Clerk#000000687|0|jole quickly at the slyly pend
5346|37|F|149536.20|1993-12-26|2-HIGH|Clerk#000000220|0|gly close packages against the even, regular escapades boost evenly accordi
5347|49|F|173024.71|1995-02-22|3-MEDIUM|Clerk#000000180|0|onic, regular deposits. packag
5348|53|O|119164.96|1997-11-08|5-LOW|Clerk#000000497|0|totes. accounts after the furiously
5349|67|O|38038.84|1996-09-01|1-URGENT|Clerk#000000960|0|le along the carefully bold dolphins. carefully special packa
5350|76|F|113417.03|1993-10-10|5-LOW|Clerk#000000604|0|ccounts after the carefully pending requests believe 
5377|64|O|117728.37|1997-04-24|2-HIGH|Clerk#000000917|0|ons nag blithely furiously regula
5378|43|F|101899.93|1992-10-25|1-URGENT|Clerk#000000520|0|n ideas. regular accounts haggle. ironic ideas use along the bold ideas. blith
5379|89|O|47010.15|1995-08-08|2-HIGH|Clerk#000000503|0|he unusual accounts. carefully special instructi
5380|148|O|123014.83|1997-10-12|1-URGENT|Clerk#000000481|0|le slyly about the slyly final dolphins. fu
5381|32|F|223995.46|1993-01-29|5-LOW|Clerk#000000531|0|arefully bold packages are slyly furiously ironic foxes. fluffil
5383|31|O|11474.95|1995-05-26|5-LOW|Clerk#000000409|0|ly bold requests hang furiously furiously unusual accounts. evenly unusu
5408|23|F|123477.05|1992-07-21|5-LOW|Clerk#000000735|0|egular requests according to the
5409|13|F|145040.38|1992-01-09|5-LOW|Clerk#000000171|0|eans. regular accounts are regul
5411|61|O|62541.27|1997-05-16|3-MEDIUM|Clerk#000000800|0|equests cajole slyly furious
5412|142|O|109979.71|1998-01-20|2-HIGH|Clerk#000000151|0|ets boost furiously regular accounts. regular foxes above th
5414|100|F|167017.39|1993-03-25|4-NOT SPECIFIED|Clerk#000000242|0|lent dependencies? carefully express requests sleep furiously ac
5415|23|F|176864.83|1992-08-05|3-MEDIUM|Clerk#000000998|0|ly even ideas nag blithely above the final instructions
5440|130|O|3223.17|1997-01-12|1-URGENT|Clerk#000000154|0|posits boost regularly ironic packages. regular, ironic deposits wak
5442|43|O|139332.94|1998-01-13|4-NOT SPECIFIED|Clerk#000000954|0|ully. quickly express accounts against the
5444|130|P|172908.01|1995-03-18|1-URGENT|Clerk#000000677|0| asymptotes. asymptotes cajole quickly quickly bo
5445|115|F|114990.63|1993-07-26|5-LOW|Clerk#000000623|0|s. even, special requests cajole furiously even, 
5447|13|O|29029.84|1996-03-16|3-MEDIUM|Clerk#000000597|0|uternes around the furiously bold accounts wake after 
546|145|O|14790.37|1996-11-01|2-HIGH|Clerk#000000041|0|osits sleep. slyly special dolphins about the q
5472|70|F|221636.83|1993-04-11|5-LOW|Clerk#000000552|0|counts. deposits about the slyly dogged pinto beans cajole slyly
5473|65|F|63041.33|1992-03-25|4-NOT SPECIFIED|Clerk#000000306|0|te the quickly stealthy ideas. even, regular deposits above
5476|91|O|26906.38|1997-11-06|1-URGENT|Clerk#000000189|0|furiously final ideas. furiously bold dependencies sleep care
5477|107|O|130125.64|1997-12-30|5-LOW|Clerk#000000689|0|ckages. ironic deposits caj
5504|19|F|41492.25|1993-01-06|2-HIGH|Clerk#000000221|0|y pending packages. furiousl
5505|95|O|147329.51|1997-10-04|5-LOW|Clerk#000000719|0| final, regular packages according to the slyly ironic accounts nag ironica
5507|2|O|140363.70|1998-05-28|5-LOW|Clerk#000000692|0|the carefully ironic instructions are quickly iro
5508|56|O|3808.05|1996-06-21|1-URGENT|Clerk#000000128|0|y express packages cajole furiously. slyly unusual requests 
5509|80|F|135335.96|1994-04-08|5-LOW|Clerk#000000164|0|usual deposits use packages. furiously final requests wake slyly about th
5510|37|F|126948.81|1993-01-08|3-MEDIUM|Clerk#000000819|0| nag slyly. carefully eve
5511|79|F|151089.96|1994-11-29|1-URGENT|Clerk#000000438|0|ng instructions integrate fluffily among the fluffily silent accounts. bli
5536|116|O|108196.56|1998-03-16|4-NOT SPECIFIED|Clerk#000000076|0| carefully final dolphins. ironic, ironic deposits lose. bold, 
5539|119|F|39397.60|1994-07-31|5-LOW|Clerk#000000675|0|structions. slyly regular patterns solve above the carefully expres
5541|143|O|37526.68|1997-09-30|3-MEDIUM|Clerk#000000217|0|encies among the silent accounts sleep slyly quickly pending deposits
5542|49|O|6402.41|1996-04-20|4-NOT SPECIFIED|Clerk#000000100|0|riously among the regularly regular pac
5543|115|F|118201.53|1993-09-25|3-MEDIUM|Clerk#000000644|0|ckly regular epitaphs. carefully bold accounts haggle furiously
5568|31|O|105421.09|1995-06-07|3-MEDIUM|Clerk#000000491|0| nag. fluffily pending de
5569|109|F|126113.32|1993-04-30|4-NOT SPECIFIED|Clerk#000000759|0|e regular dependencies. furiously unusual ideas b
5570|112|O|78567.55|1996-08-12|2-HIGH|Clerk#000000795|0|eans. ironic, even requests doze 
5572|8|F|182966.39|1994-07-17|2-HIGH|Clerk#000000163|0|e fluffily express deposits cajole slyly across th
5573|37|O|158479.37|1996-08-15|3-MEDIUM|Clerk#000000055|0|lites. slyly final pinto beans about the carefully regul
5574|28|F|129803.03|1992-03-10|4-NOT SPECIFIED|Clerk#000000002|0|n deposits. special, regular t
5575|103|O|51839.94|1995-07-24|5-LOW|Clerk#000000948|0|uriously express frays breach
5600|95|O|53649.35|1997-02-08|4-NOT SPECIFIED|Clerk#000000019|0|lly regular deposits. car
5601|11|F|118570.79|1992-01-06|2-HIGH|Clerk#000000827|0|gular deposits wake platelets? blithe
5603|71|F|145100.47|1992-06-20|4-NOT SPECIFIED|Clerk#000000535|0| asymptotes. fluffily ironic instructions are. pending pinto bean
5604|46|O|98987.51|1998-04-14|4-NOT SPECIFIED|Clerk#000000123|0|ously across the blithely ironic pinto beans. sile
5605|35|O|172899.84|1996-08-22|2-HIGH|Clerk#000000538|0|sleep carefully final packages. dependencies wake slyly. theodol
5607|92|F|24660.06|1992-01-01|4-NOT SPECIFIED|Clerk#000000137|0|c requests promise quickly fluffily ironic deposits. caref
5633|79|O|207119.83|1998-05-31|3-MEDIUM|Clerk#000000841|0|cial deposits wake final, final
5635|70|F|192217.86|1992-08-16|3-MEDIUM|Clerk#000000734|0|nal platelets sleep daringly. idle, final accounts about 
5636|122|F|143350.75|1995-02-16|3-MEDIUM|Clerk#000000916|0|. boldly even Tiresias sleep. blithely ironic packages among the ca
5638|109|F|79197.77|1994-01-17|1-URGENT|Clerk#000000355|0|enly bold deposits eat. special realms play against the regular, speci
5639|145|F|9669.46|1994-06-02|3-MEDIUM|Clerk#000000005|0|ending packages use after the blithely regular accounts. regular package
5664|119|O|186215.81|1998-07-23|2-HIGH|Clerk#000000789|0|the quickly ironic dolp
5666|14|F|121663.68|1994-02-02|2-HIGH|Clerk#000000396|0|mptotes. quickly final instructions are 
5667|44|O|37301.25|1995-08-10|1-URGENT|Clerk#000000358|0|s print upon the quickly ironic packa
5668|109|F|13679.32|1995-03-22|4-NOT SPECIFIED|Clerk#000000047|0|p slyly slyly express accoun
5669|74|O|113156.30|1996-05-06|1-URGENT|Clerk#000000336|0|ng packages nag fluffily furio
5671|43|O|176647.54|1998-02-06|2-HIGH|Clerk#000000838|0|k dependencies. slyly 
5697|55|F|99177.69|1992-10-05|1-URGENT|Clerk#000000112|0|pendencies impress furiously. bold, final requests solve ab
5700|143|O|79901.18|1997-12-25|1-URGENT|Clerk#000000618|0|ly pending dolphins sleep carefully slyly pending i
5701|43|O|16689.19|1997-02-07|5-LOW|Clerk#000000798|0| blithely final pinto beans. blit
5703|121|F|1816.28|1993-05-16|3-MEDIUM|Clerk#000000647|0|ly special instructions. slyly even reque
5728|80|F|85397.04|1994-12-11|4-NOT SPECIFIED|Clerk#000000426|0|furiously express pin
5729|44|F|88080.33|1994-10-10|2-HIGH|Clerk#000000843|0|uffily sly accounts about
5730|11|O|10934.84|1997-12-18|1-URGENT|Clerk#000000181|0|l platelets. ironic pinto beans wake slyly. quickly b
5731|8|O|57823.37|1997-05-17|5-LOW|Clerk#000000841|0| silent excuses among the express accounts wake 
5733|101|F|38545.97|1993-03-17|2-HIGH|Clerk#000000873|0|osits. pending accounts boost quickly. furiously permanent acco
5734|94|O|45860.94|1997-10-12|3-MEDIUM|Clerk#000000084|0|efully even braids detect blithely alo
5735|40|F|39358.51|1994-12-11|3-MEDIUM|Clerk#000000600|0| bold realms cajole slyly fu
5760|25|F|59404.77|1994-05-25|4-NOT SPECIFIED|Clerk#000000498|0|s among the blithely regular frays haggle ironically bold theodolites. al
5761|16|O|130345.90|1998-07-06|3-MEDIUM|Clerk#000000208|0|s asymptotes cajole boldly. regular, 
5762|49|O|165019.32|1997-02-14|1-URGENT|Clerk#000000901|0|ly bold packages: slyly ironic deposits sleep quietly foxes. express a
5763|8|O|140838.11|1998-06-26|4-NOT SPECIFIED|Clerk#000000633|0|according to the furiously regular pinto beans. even accounts wake fu
5765|52|F|249900.42|1994-12-15|5-LOW|Clerk#000000959|0|longside of the quickly final packages. instructions so
5766|49|F|47940.51|1993-09-27|5-LOW|Clerk#000000753|0|. quickly final packages print slyly. fu
5767|118|F|135643.87|1992-04-29|2-HIGH|Clerk#000000225|0|ts wake fluffily above the r
5792|26|F|158991.89|1993-04-04|2-HIGH|Clerk#000000731|0|packages. doggedly bold deposits integrate furiously across the
5793|37|O|119887.47|1997-07-13|2-HIGH|Clerk#000000294|0|thely. fluffily even instructi
5795|37|F|35514.45|1992-05-05|2-HIGH|Clerk#000000581|0| even instructions x-ray ironic req
5796|149|O|23280.61|1996-01-23|3-MEDIUM|Clerk#000000326|0|eodolites. slyly ironic pinto beans at the silent, special request
5797|122|O|15313.61|1997-10-15|4-NOT SPECIFIED|Clerk#000000381|0|ng! packages against the blithely b
5798|106|O|125011.92|1998-03-30|5-LOW|Clerk#000000343|0|lent accounts affix quickly! platelets run slyly slyly final packages. f
5799|26|O|71381.21|1995-08-03|1-URGENT|Clerk#000000238|0| unusual deposits sleep blithely along the carefully even requests. care
5824|56|O|169107.85|1996-12-03|2-HIGH|Clerk#000000171|0|unusual packages. even ideas along the even requests are along th
5825|61|F|23020.62|1995-02-21|5-LOW|Clerk#000000494|0|regular packages use bravely.
5826|22|O|21119.86|1998-06-13|1-URGENT|Clerk#000000087|0|even, regular dependenc
5827|31|O|137297.71|1998-07-23|3-MEDIUM|Clerk#000000660|0|hely furiously blithe dolphins. slyly 
5828|127|F|62172.34|1994-03-06|5-LOW|Clerk#000000377|0|ages boost never during the final packa
5829|125|O|183734.56|1997-01-11|1-URGENT|Clerk#000000196|0|gular accounts. bold accounts are blithely furiously ironic r
5831|139|O|113505.19|1996-11-17|5-LOW|Clerk#000000585|0|s final, final pinto beans. unusual depos
5856|37|F|71460.49|1994-11-06|2-HIGH|Clerk#000000634|0|special excuses. slyly final theodolites cajole blithely furiou
5857|124|O|158345.31|1997-11-06|4-NOT SPECIFIED|Clerk#000000267|0|gage blithely. quickly special ac
5858|64|F|181320.50|1992-07-14|4-NOT SPECIFIED|Clerk#000000580|0|lyly pending dugouts believe through the ironic deposits. silent s
5859|5|O|210643.96|1997-04-23|1-URGENT|Clerk#000000993|0|requests boost. asymptotes across the deposits solve slyly furiously pendin
5861|139|O|41450.19|1997-04-10|3-MEDIUM|Clerk#000000094|0|rthogs cajole slyly. express packages sleep blithely final 
5863|65|F|67941.54|1993-11-22|3-MEDIUM|Clerk#000000774|0|ets about the slyly pending ideas sleep according to the blithely 
5888|46|O|67167.19|1996-09-28|3-MEDIUM|Clerk#000000748|0|quickly against the furiously final requests. evenly fi
5889|22|O|15417.57|1995-05-23|5-LOW|Clerk#000000690|0|ites wake across the slyly ironic
5890|49|F|41162.24|1992-11-04|2-HIGH|Clerk#000000013|0|packages. final, final reques
5891|46|F|41760.00|1992-12-29|3-MEDIUM|Clerk#000000302|0|ounts haggle furiously abo
5892|101|P|92340.77|1995-05-09|5-LOW|Clerk#000000639|0| pending instruction
5893|2|F|44777.63|1992-07-08|4-NOT SPECIFIED|Clerk#000000560|0|final sentiments. instructions boost above the never speci
5894|71|F|70377.31|1994-08-13|2-HIGH|Clerk#000000776|0|regular deposits wake
5895|64|O|201419.83|1997-01-01|4-NOT SPECIFIED|Clerk#000000747|0| ironic, unusual requests cajole blithely special, special deposits. s
5920|119|F|142767.26|1994-11-20|2-HIGH|Clerk#000000081|0|ns: even ideas cajole slyly among the packages. never ironic patterns
5921|58|F|152940.00|1994-04-07|5-LOW|Clerk#000000125|0|kly special requests breach.
5922|143|O|142494.99|1996-11-14|5-LOW|Clerk#000000625|0| ironic instructions haggle furiously blithely regular accounts: even platele
5923|101|O|157968.27|1997-05-27|2-HIGH|Clerk#000000304|0|o beans haggle slyly above the regular, even dependencies
5924|31|O|106823.97|1995-10-10|3-MEDIUM|Clerk#000000433|0|arefully after the pains. blithely ironic pinto 
5925|146|O|242588.87|1995-11-13|5-LOW|Clerk#000000602|0|ourts. boldly regular foxes might sleep. slyly express tithes against 
5926|76|F|105770.53|1994-05-20|5-LOW|Clerk#000000071|0| carefully after the furiously even re
5927|116|O|84983.90|1997-08-28|4-NOT SPECIFIED|Clerk#000000972|0|endencies according to the slyly ironic foxes detect furiously about the furio
5952|148|O|128624.99|1997-04-14|3-MEDIUM|Clerk#000000950|0| regular, final pla
5953|7|F|95312.81|1992-03-28|1-URGENT|Clerk#000000049|0|ages are furiously. slowly bold requests
5954|28|F|167262.34|1992-12-03|1-URGENT|Clerk#000000968|0|requests along the blith
5955|94|P|67944.38|1995-03-27|5-LOW|Clerk#000000340|0|deas integrate. fluffily regular pa
5956|22|O|118036.54|1998-05-18|1-URGENT|Clerk#000000587|0|le even, express platelets.
5957|89|F|230949.45|1993-12-27|2-HIGH|Clerk#000000020|0| dependencies are slyly. bold accounts according to the carefully regular r
5958|115|O|145060.41|1995-09-16|3-MEDIUM|Clerk#000000787|0|e final requests detect alongside of the qu
5959|23|F|195515.26|1992-05-15|3-MEDIUM|Clerk#000000913|0|into beans use ironic, unusual foxes. carefully regular excuses boost caref
5984|70|F|83413.30|1994-06-18|5-LOW|Clerk#000000023|0|ickly final pains haggle along the furiously ironic pinto bea
5985|143|F|3942.73|1995-01-12|3-MEDIUM|Clerk#000000417|0|as nag fluffily slyly permanent accounts. regular depo
5986|115|F|92187.80|1992-04-22|2-HIGH|Clerk#000000674|0|iously unusual notornis are 
5987|64|O|98956.82|1996-08-03|1-URGENT|Clerk#000000464|0| ideas. quietly final accounts haggle blithely pending escapade
5988|31|F|41655.51|1993-11-22|4-NOT SPECIFIED|Clerk#000000867|0|fully express accounts. final pi
642|40|F|22994.51|1993-12-16|3-MEDIUM|Clerk#000000357|0| among the requests wake slyly alongside of th
644|8|F|201268.06|1992-05-01|1-URGENT|Clerk#000000550|0| blithely unusual platelets haggle ironic, special excuses. excuses unwi
678|131|F|135761.05|1993-02-27|5-LOW|Clerk#000000530|0|. blithely final somas about the
839|28|O|70182.63|1995-08-08|1-URGENT|Clerk#000000951|0|the carefully even platelets. furiously unusual fo
867|26|F|7471.75|1993-11-16|3-MEDIUM|Clerk#000000877|0|pades nag quickly final, 
935|50|O|97733.87|1997-09-24|5-LOW|Clerk#000000180|0|iously final deposits cajole. blithely even packages 
